time,dragonKilledTime,agentPickedKeyTime,agentExitTime
9.65999698638916,0.0,5.999998092651367,9.65999698638916
21.079992294311523,4.3599982261657715,16.919994354248047,21.079992294311523
