{"time":12.279995918273926,"dragonKilledTime":0.0,"agentPickedKeyTime":8.919997215270996,"agentExitTime":12.279995918273926}{"time":21.619993209838868,"dragonKilledTime":7.399997234344482,"agentPickedKeyTime":19.719993591308595,"agentExitTime":21.619993209838868}{"time":40.899986267089847,"dragonKilledTime":7.399997234344482,"agentPickedKeyTime":28.139989852905275,"agentExitTime":40.899986267089847}{"time":74.35997009277344,"dragonKilledTime":7.399997234344482,"agentPickedKeyTime":60.319976806640628,"agentExitTime":74.35997009277344}{"time":83.13996887207031,"dragonKilledTime":7.399997234344482,"agentPickedKeyTime":79.77996826171875,"agentExitTime":83.13996887207031}{"time":100.17996215820313,"dragonKilledTime":7.399997234344482,"agentPickedKeyTime":95.49996948242188,"agentExitTime":100.17996215820313}{"time":112.33995819091797,"dragonKilledTime":92.61996459960938,"agentPickedKeyTime":110.5599594116211,"agentExitTime":112.33995819091797}{"time":461.5598449707031,"dragonKilledTime":119.09996032714844,"agentPickedKeyTime":460.15985107421877,"agentExitTime":461.5598449707031}{"time":470.25982666015627,"dragonKilledTime":104.15996551513672,"agentPickedKeyTime":467.0398254394531,"agentExitTime":470.25982666015627}