{"time":40.61998748779297,"dragonKilledTime":0.0,"agentPickedKeyTime":33.97998809814453,"agentExitTime":40.61998748779297}