{"time":10.339996337890625,"dragonKilledTime":0.0,"agentPickedKeyTime":8.079997062683106,"agentExitTime":10.339996337890625}{"time":20.99999237060547,"dragonKilledTime":2.4999990463256838,"agentPickedKeyTime":17.15999412536621,"agentExitTime":20.99999237060547}{"time":32.9999885559082,"dragonKilledTime":0.0,"agentPickedKeyTime":29.159990310668947,"agentExitTime":32.9999885559082}{"time":41.0999870300293,"dragonKilledTime":21.139991760253908,"agentPickedKeyTime":38.47998809814453,"agentExitTime":41.0999870300293}{"time":51.23998260498047,"dragonKilledTime":34.63998794555664,"agentPickedKeyTime":47.7199821472168,"agentExitTime":51.23998260498047}{"time":66.97997283935547,"dragonKilledTime":21.139991760253908,"agentPickedKeyTime":65.43997955322266,"agentExitTime":66.97997283935547}{"time":76.89997100830078,"dragonKilledTime":21.139991760253908,"agentPickedKeyTime":74.43997192382813,"agentExitTime":76.89997100830078}{"time":97.49996185302735,"dragonKilledTime":34.63998794555664,"agentPickedKeyTime":92.8199691772461,"agentExitTime":97.49996185302735}{"time":112.09996032714844,"dragonKilledTime":21.139991760253908,"agentPickedKeyTime":108.41996002197266,"agentExitTime":112.09996032714844}