{"time":11.619996070861817,"dragonKilledTime":0.0,"agentPickedKeyTime":8.799997329711914,"agentExitTime":11.619996070861817}{"time":27.219989776611329,"dragonKilledTime":0.0,"agentPickedKeyTime":24.91999053955078,"agentExitTime":27.219989776611329}