{"time":14.819994926452637,"dragonKilledTime":0.0,"agentPickedKeyTime":7.479997158050537,"agentExitTime":14.819994926452637}{"time":31.859989166259767,"dragonKilledTime":5.059998035430908,"agentPickedKeyTime":28.89999008178711,"agentExitTime":31.859989166259767}{"time":47.15998458862305,"dragonKilledTime":0.0,"agentPickedKeyTime":42.6199836730957,"agentExitTime":47.15998458862305}{"time":60.19997787475586,"dragonKilledTime":5.059998035430908,"agentPickedKeyTime":58.01997756958008,"agentExitTime":60.19997787475586}{"time":67.33997344970703,"dragonKilledTime":0.0,"agentPickedKeyTime":64.05997467041016,"agentExitTime":67.33997344970703}{"time":86.3399658203125,"dragonKilledTime":5.059998035430908,"agentPickedKeyTime":71.75997161865235,"agentExitTime":86.3399658203125}{"time":112.09996032714844,"dragonKilledTime":0.0,"agentPickedKeyTime":110.53996276855469,"agentExitTime":112.09996032714844}{"time":119.4799575805664,"dragonKilledTime":100.9399642944336,"agentPickedKeyTime":116.4799575805664,"agentExitTime":119.4799575805664}{"time":132.79995727539063,"dragonKilledTime":0.0,"agentPickedKeyTime":126.31995391845703,"agentExitTime":132.79995727539063}{"time":160.6199493408203,"dragonKilledTime":100.9399642944336,"agentPickedKeyTime":153.7399444580078,"agentExitTime":160.6199493408203}{"time":17.679994583129884,"dragonKilledTime":0.0,"agentPickedKeyTime":13.319994926452637,"agentExitTime":17.679994583129884}{"time":33.839988708496097,"dragonKilledTime":0.0,"agentPickedKeyTime":30.739988327026368,"agentExitTime":33.839988708496097}{"time":57.85997772216797,"dragonKilledTime":0.0,"agentPickedKeyTime":33.419986724853519,"agentExitTime":57.85997772216797}{"time":64.91997528076172,"dragonKilledTime":0.0,"agentPickedKeyTime":61.759979248046878,"agentExitTime":64.91997528076172}{"time":10.319995880126954,"dragonKilledTime":0.0,"agentPickedKeyTime":8.639996528625489,"agentExitTime":10.319995880126954}{"time":32.77998733520508,"dragonKilledTime":0.39999985694885256,"agentPickedKeyTime":26.05998992919922,"agentExitTime":32.77998733520508}{"time":167.61993408203126,"dragonKilledTime":19.63999366760254,"agentPickedKeyTime":34.9999885559082,"agentExitTime":167.61993408203126}