{
    "name": "root",
    "gauges": {
        "DungeonEscape.Policy.Entropy.mean": {
            "value": 0.9026724100112915,
            "min": 0.8048580884933472,
            "max": 1.9243440628051758,
            "count": 36
        },
        "DungeonEscape.Policy.Entropy.sum": {
            "value": 54150.4140625,
            "min": 48323.6796875,
            "max": 115551.0859375,
            "count": 36
        },
        "DungeonEscape.Environment.EpisodeLength.mean": {
            "value": 50.514629948364885,
            "min": 46.622716441620334,
            "max": 245.42741935483872,
            "count": 36
        },
        "DungeonEscape.Environment.EpisodeLength.sum": {
            "value": 58698.0,
            "min": 58256.0,
            "max": 60866.0,
            "count": 36
        },
        "DungeonEscape.Step.mean": {
            "value": 2159980.0,
            "min": 59983.0,
            "max": 2159980.0,
            "count": 36
        },
        "DungeonEscape.Step.sum": {
            "value": 2159980.0,
            "min": 59983.0,
            "max": 2159980.0,
            "count": 36
        },
        "DungeonEscape.Policy.ExtrinsicBaselineEstimate.mean": {
            "value": 0.5847354531288147,
            "min": 0.04069318249821663,
            "max": 0.5969371199607849,
            "count": 36
        },
        "DungeonEscape.Policy.ExtrinsicBaselineEstimate.sum": {
            "value": 964.228759765625,
            "min": 44.152103424072266,
            "max": 1011.5180053710938,
            "count": 36
        },
        "DungeonEscape.Policy.ExtrinsicValueEstimate.mean": {
            "value": 0.5888697504997253,
            "min": 0.04238099977374077,
            "max": 0.5997313857078552,
            "count": 36
        },
        "DungeonEscape.Policy.ExtrinsicValueEstimate.sum": {
            "value": 971.0462036132812,
            "min": 45.98338317871094,
            "max": 1018.4646606445312,
            "count": 36
        },
        "DungeonEscape.Environment.CumulativeReward.mean": {
            "value": 0.0,
            "min": 0.0,
            "max": 0.0,
            "count": 36
        },
        "DungeonEscape.Environment.CumulativeReward.sum": {
            "value": 0.0,
            "min": 0.0,
            "max": 0.0,
            "count": 36
        },
        "DungeonEscape.Policy.ExtrinsicReward.mean": {
            "value": 0.5378006872852233,
            "min": 0.08992805755395683,
            "max": 0.5467937608318891,
            "count": 36
        },
        "DungeonEscape.Policy.ExtrinsicReward.sum": {
            "value": 626.0,
            "min": 25.0,
            "max": 646.0,
            "count": 36
        },
        "DungeonEscape.Environment.GroupCumulativeReward.mean": {
            "value": 0.8313413014608234,
            "min": 0.1111111111111111,
            "max": 0.8464566929133859,
            "count": 36
        },
        "DungeonEscape.Environment.GroupCumulativeReward.sum": {
            "value": 626.0,
            "min": 25.0,
            "max": 646.0,
            "count": 36
        },
        "DungeonEscape.Losses.PolicyLoss.mean": {
            "value": 0.023500638436526063,
            "min": 0.022030212621514996,
            "max": 0.0263889956404455,
            "count": 36
        },
        "DungeonEscape.Losses.PolicyLoss.sum": {
            "value": 0.1175031921826303,
            "min": 0.1175031921826303,
            "max": 0.158333973842673,
            "count": 36
        },
        "DungeonEscape.Losses.ValueLoss.mean": {
            "value": 0.010366023480892182,
            "min": 0.0031637478962592367,
            "max": 0.012640137920777002,
            "count": 36
        },
        "DungeonEscape.Losses.ValueLoss.sum": {
            "value": 0.05183011740446091,
            "min": 0.01655097937521835,
            "max": 0.06889330022968351,
            "count": 36
        },
        "DungeonEscape.Losses.BaselineLoss.mean": {
            "value": 0.010099376542493701,
            "min": 0.0033555712770774134,
            "max": 0.01234386874983708,
            "count": 36
        },
        "DungeonEscape.Losses.BaselineLoss.sum": {
            "value": 0.05049688271246851,
            "min": 0.016847542258134732,
            "max": 0.0668780630764862,
            "count": 36
        },
        "DungeonEscape.Policy.LearningRate.mean": {
            "value": 0.0003,
            "min": 0.0003,
            "max": 0.0003,
            "count": 36
        },
        "DungeonEscape.Policy.LearningRate.sum": {
            "value": 0.0014999999999999998,
            "min": 0.0014999999999999998,
            "max": 0.0017999999999999997,
            "count": 36
        },
        "DungeonEscape.Policy.Epsilon.mean": {
            "value": 0.2000000000000001,
            "min": 0.2000000000000001,
            "max": 0.2000000000000001,
            "count": 36
        },
        "DungeonEscape.Policy.Epsilon.sum": {
            "value": 1.0000000000000004,
            "min": 1.0000000000000004,
            "max": 1.2000000000000006,
            "count": 36
        },
        "DungeonEscape.Policy.Beta.mean": {
            "value": 0.010000000000000002,
            "min": 0.010000000000000002,
            "max": 0.010000000000000002,
            "count": 36
        },
        "DungeonEscape.Policy.Beta.sum": {
            "value": 0.05000000000000001,
            "min": 0.05000000000000001,
            "max": 0.06000000000000001,
            "count": 36
        },
        "DungeonEscape.IsTraining.mean": {
            "value": 1.0,
            "min": 1.0,
            "max": 1.0,
            "count": 36
        },
        "DungeonEscape.IsTraining.sum": {
            "value": 1.0,
            "min": 1.0,
            "max": 1.0,
            "count": 36
        }
    },
    "metadata": {
        "timer_format_version": "0.1.0",
        "start_time_seconds": "1725444660",
        "python_version": "3.10.12 (main, Jul  5 2023, 18:54:27) [GCC 11.2.0]",
        "command_line_arguments": "/home/yehuda/anaconda3/envs/mlagents/bin/mlagents-learn config/poca/DungeonEscape.yaml --run-id=DefaultConfigTestRun",
        "mlagents_version": "1.0.0",
        "mlagents_envs_version": "1.0.0",
        "communication_protocol_version": "1.5.0",
        "pytorch_version": "2.3.0",
        "numpy_version": "1.23.5",
        "end_time_seconds": "1725461034"
    },
    "total": 16373.501359639999,
    "count": 1,
    "self": 0.0059885069968004245,
    "children": {
        "run_training.setup": {
            "total": 0.04101724799966178,
            "count": 1,
            "self": 0.04101724799966178
        },
        "TrainerController.start_learning": {
            "total": 16373.454353885001,
            "count": 1,
            "self": 28.717065344149887,
            "children": {
                "TrainerController._reset_env": {
                    "total": 61.3971613650001,
                    "count": 1,
                    "self": 61.3971613650001
                },
                "TrainerController.advance": {
                    "total": 16283.209275132853,
                    "count": 1173294,
                    "self": 26.74218265545096,
                    "children": {
                        "env_step": {
                            "total": 14718.919767652043,
                            "count": 1173294,
                            "self": 12154.3960689497,
                            "children": {
                                "SubprocessEnvManager._take_step": {
                                    "total": 2544.546999911382,
                                    "count": 1173294,
                                    "self": 80.14948548132543,
                                    "children": {
                                        "TorchPolicy.evaluate": {
                                            "total": 2464.3975144300566,