{
    "name": "root",
    "gauges": {
        "DungeonEscape.Policy.Entropy.mean": {
            "value": 1.5165760517120361,
            "min": 1.5165760517120361,
            "max": 1.9457780122756958,
            "count": 66
        },
        "DungeonEscape.Policy.Entropy.sum": {
            "value": 9122.205078125,
            "min": 9068.8046875,
            "max": 11797.251953125,
            "count": 66
        },
        "DungeonEscape.Environment.EpisodeLength.mean": {
            "value": 96.58064516129032,
            "min": 63.69892473118279,
            "max": 954.3333333333334,
            "count": 66
        },
        "DungeonEscape.Environment.EpisodeLength.sum": {
            "value": 5988.0,
            "min": 1181.0,
            "max": 11047.0,
            "count": 66
        },
        "DungeonEscape.Step.mean": {
            "value": 395956.0,
            "min": 5999.0,
            "max": 395956.0,
            "count": 66
        },
        "DungeonEscape.Step.sum": {
            "value": 395956.0,
            "min": 5999.0,
            "max": 395956.0,
            "count": 66
        },
        "DungeonEscape.Policy.ExtrinsicBaselineEstimate.mean": {
            "value": 0.2294103503227234,
            "min": -0.02796849235892296,
            "max": 0.25878769159317017,
            "count": 66
        },
        "DungeonEscape.Policy.ExtrinsicBaselineEstimate.sum": {
            "value": 29.364524841308594,
            "min": -2.9514474868774414,
            "max": 37.26542663574219,
            "count": 66
        },
        "DungeonEscape.Policy.ExtrinsicValueEstimate.mean": {
            "value": 0.22878621518611908,
            "min": -0.027127748355269432,
            "max": 0.26438626646995544,
            "count": 66
        },
        "DungeonEscape.Policy.ExtrinsicValueEstimate.sum": {
            "value": 29.284635543823242,
            "min": -3.0951924324035645,
            "max": 38.07162094116211,
            "count": 66
        },
        "DungeonEscape.Environment.CumulativeReward.mean": {
            "value": 0.0,
            "min": 0.0,
            "max": 0.0,
            "count": 66
        },
        "DungeonEscape.Environment.CumulativeReward.sum": {
            "value": 0.0,
            "min": 0.0,
            "max": 0.0,
            "count": 66
        },
        "DungeonEscape.Policy.ExtrinsicReward.mean": {
            "value": 0.32786885245901637,
            "min": 0.0,
            "max": 0.6875,
            "count": 66
        },
        "DungeonEscape.Policy.ExtrinsicReward.sum": {
            "value": 20.0,
            "min": 0.0,
            "max": 36.0,
            "count": 66
        },
        "DungeonEscape.Environment.GroupCumulativeReward.mean": {
            "value": 0.40816326530612246,
            "min": 0.0,
            "max": 1.0,
            "count": 66
        },
        "DungeonEscape.Environment.GroupCumulativeReward.sum": {
            "value": 20.0,
            "min": 0.0,
            "max": 36.0,
            "count": 66
        },
        "DungeonEscape.IsTraining.mean": {
            "value": 1.0,
            "min": 1.0,
            "max": 1.0,
            "count": 66
        },
        "DungeonEscape.IsTraining.sum": {
            "value": 1.0,
            "min": 1.0,
            "max": 1.0,
            "count": 66
        },
        "DungeonEscape.Losses.PolicyLoss.mean": {
            "value": 0.021506615433221063,
            "min": 0.015556999590868752,
            "max": 0.03193067206690709,
            "count": 38
        },
        "DungeonEscape.Losses.PolicyLoss.sum": {
            "value": 0.021506615433221063,
            "min": 0.015556999590868752,
            "max": 0.03193067206690709,
            "count": 38
        },
        "DungeonEscape.Losses.ValueLoss.mean": {
            "value": 0.00879621251175801,
            "min": 0.0009801069022311519,
            "max": 0.013153775501996279,
            "count": 38
        },
        "DungeonEscape.Losses.ValueLoss.sum": {
            "value": 0.00879621251175801,
            "min": 0.0009801069022311519,
            "max": 0.013153775501996279,
            "count": 38
        },
        "DungeonEscape.Losses.BaselineLoss.mean": {
            "value": 0.009006975715359052,
            "min": 0.000931862706784159,
            "max": 0.013048509166886409,
            "count": 38
        },
        "DungeonEscape.Losses.BaselineLoss.sum": {
            "value": 0.009006975715359052,
            "min": 0.000931862706784159,
            "max": 0.013048509166886409,
            "count": 38
        },
        "DungeonEscape.Policy.LearningRate.mean": {
            "value": 0.0005000000000000001,
            "min": 0.0005000000000000001,
            "max": 0.0005000000000000001,
            "count": 38
        },
        "DungeonEscape.Policy.LearningRate.sum": {
            "value": 0.0005000000000000001,
            "min": 0.0005000000000000001,
            "max": 0.0005000000000000001,
            "count": 38
        },
        "DungeonEscape.Policy.Epsilon.mean": {
            "value": 0.20000000000000007,
            "min": 0.20000000000000007,
            "max": 0.20000000000000007,
            "count": 38
        },
        "DungeonEscape.Policy.Epsilon.sum": {
            "value": 0.20000000000000007,
            "min": 0.20000000000000007,
            "max": 0.20000000000000007,
            "count": 38
        },
        "DungeonEscape.Policy.Beta.mean": {
            "value": 0.010000000000000002,
            "min": 0.010000000000000002,
            "max": 0.010000000000000002,
            "count": 38
        },
        "DungeonEscape.Policy.Beta.sum": {
            "value": 0.010000000000000002,
            "min": 0.010000000000000002,
            "max": 0.010000000000000002,
            "count": 38
        }
    },
    "metadata": {
        "timer_format_version": "0.1.0",
        "start_time_seconds": "1725524478",
        "python_version": "3.10.12 (main, Jul  5 2023, 18:54:27) [GCC 11.2.0]",
        "command_line_arguments": "/home/yehuda/anaconda3/envs/mlagents/bin/mlagents-learn config/poca/DungeonEscapeV2.yaml --run-id=DungeonEscapeV2 --no-graphics",
        "mlagents_version": "1.0.0",
        "mlagents_envs_version": "1.0.0",
        "communication_protocol_version": "1.5.0",
        "pytorch_version": "2.3.0",
        "numpy_version": "1.23.5",
        "end_time_seconds": "1725538204"
    },
    "total": 13725.700738569001,
    "count": 1,
    "self": 0.00805586500064237,
    "children": {
        "run_training.setup": {
            "total": 0.03811507199861808,
            "count": 1,
            "self": 0.03811507199861808
        },
        "TrainerController.start_learning": {
            "total": 13725.654567632002,
            "count": 1,
            "self": 4.752543924310885,
            "children": {
                "TrainerController._reset_env": {
                    "total": 13.22506682400126,
                    "count": 1,
                    "self": 13.22506682400126
                },
                "TrainerController.advance": {
                    "total": 13707.561579440684,
                    "count": 219233,
                    "self": 4.823607913625892,
                    "children": {
                        "env_step": {
                            "total": 13456.204145490417,
                            "count": 219233,
                            "self": 13006.0579346175,
                            "children": {
                                "SubprocessEnvManager._take_step": {
                                    "total": 446.7100895835756,
                                    "count": 219233,
                                    "self": 13.795541817351477,
                                    "children": {
                                        "TorchPolicy.evaluate": {
                                            "total": 432.91454776622413,